id,value
1,fw
2,cslohpdp
3,xdd
4,hsr
5,w
6,sal
7,ppu
8,p
9,oyrrzo
10,pgrcr
11,fspssan
12,qxu
13,ucryytvj
14,yp
15,ejyhrp
16,x
17,mpiewos
18,bjprt
19,xxhiktq
20,nqgvpjdg
21,xbyobjt
22,ynsll
23,litjbo
24,jylll
25,ehzq
26,njea
27,uu
28,x
29,ugyxbnfx
30,eycrwan
31,xaatnkse
32,xkuuin
33,abjyta
34,lighwrik
35,ptmzzvs
36,rgtxmsg
37,sby
38,cxovym
39,aajlpcqz
40,lewlh
41,pmaew
42,tijtxl
43,zoszmg
44,ypqfhx
45,praqaui
46,horvclad
47,c
48,kccb
49,a
50,bjrl
51,d
52,uyfotl
53,rba
54,xxcbk
55,mckxccg
56,adx
57,vmrajir
58,q
59,vnzclasu
60,hlmw
61,vpvpumbf
62,zfakfufs
63,u
64,sc
65,brlg
66,fdjwl
67,wxin
68,p
69,jhioa
70,xivqske
71,lxzebsh
72,otl
73,igeyjrb
74,ghtl
75,uxb
76,bbgo
77,tdbhxqk
78,zdacsw
79,zf
80,tkxz
81,veoxc
82,cq
83,xodletjr
84,l
85,evvhz
86,jft
87,ivbsswg
88,ti
89,cyrz
90,py
91,vezavod
92,eztsjrpk
93,mo
94,gk
95,go
96,qh
97,ezaez
98,cm
99,xpdwhku
100,bibvtgp
101,rggvn
102,eju
103,gsrq
104,eflomz
105,kp
106,euktnhjg
107,lqo
108,gkiawg
109,miwzreu
110,o
111,l
112,ozb
113,zxfqd
114,raz
115,mmioyu
116,ozxqnw
117,rczygcd
118,oicyt
119,cgosp
120,onbmqq
121,hfi
122,esxw
123,tnaqgh
124,qxubbcp
125,jid
126,uvnaa
127,wjvrxy
128,l
129,dvshy
130,iaumff
131,liyth
132,mzeeo
133,vkwyymb
134,worvk
135,gpntisbo
136,tcrvrh
137,tsyxqm
138,lq
139,zez
140,vpjxi
141,glcfj
142,ahra
143,ityqjo
144,vatydgrz
145,inqalnub
146,bjrowc
147,wio
148,d
149,wvmxjozj
150,embudfvp
151,uiof
152,wzrv
153,yupt
154,rwtkp
155,or
156,hrruxf
157,jrbizdhz
158,acubmrz
159,r
160,lgbqerl
161,j
162,xkuldr
163,cncenzrl
164,tqpwwuk
165,tsvftpwg
166,zedodx
167,cnljnfvz
168,j
169,ruino
170,itzauqyz
171,svwisrg
172,uf
173,ggnvla
174,tlieur
175,nb
176,efxp
177,thodjqot
178,eyv
179,ofc
180,akncakwh
181,afgyxlqo
182,mh
183,uqfoz
184,vuwfdcwr
185,jszrraru
186,yglhd
187,we
188,tg
189,cuovfv
190,jkdxdey
191,y
192,nf
193,cy
194,ggl
195,gq
196,nmzy
197,caqppee
198,frhunu
199,kivglgx
200,oz
201,dx
202,ilusj
203,f
204,hid
205,sqti
206,vvktim
207,pej
208,nldbc
209,woqtzpl
210,tsy
211,hsw
212,pahq
213,fbg
214,eyzquh
215,goey
216,p
217,yeuitjec
218,aemz
219,l
220,mi
221,sjw
222,kxhzc
223,zjnrid
224,hfui
225,qkrrvhb
226,u
227,cwqugek
228,wuuvfgk
229,xejpaq
230,juwlci
231,wpy
232,erxmhxna
233,oijffi
234,frtihpfi
235,ouzd
236,xqnwu
237,cga
238,plo
239,ylomelm
240,vn
241,bwqbny
242,sin
243,or
244,icpk
245,civcxurt
246,t
247,zwvqbg
248,zbalhwn
249,cljvge
250,phr
251,no
252,vmlawld
253,p
254,woboahro
255,htiokvm
256,ol
257,a
258,ci
259,x
260,dcukihpn
261,ccm
262,ofwe
263,txwxp
264,zkv
265,pgq
266,n
267,fmhe
268,iyxp
269,rntyj
270,dkzetvky
271,sz
272,fmu
273,rkseftbe
274,xyxwtpm
275,oc
276,zyvsrgkp
277,tt
278,cvb
279,ouum
280,iiqbs
281,agcak
282,mgq
283,p
284,gy
285,uuxzplc
286,vcfkwai
287,x
288,csez
289,the
290,fuywmrsu
291,ocar
292,blegvqd
293,wg
294,cgzmvngr
295,mjssly
296,sbkverhk
297,j
298,ultqtfc
299,ov
300,eulwfc
301,hwt
302,p
303,uctcvqp
304,fkf
305,nnegiy
306,x
307,glqyyma
308,ndkg
309,rd
310,heog
311,rzslcrit
312,rovwam
313,iya
314,c
315,ghks
316,yyph
317,gdya
318,se
319,dw
320,lunc
321,bmjbt
322,btxbey
323,huplfcn
324,adnd
325,k
326,hb
327,ugv
328,gy
329,vgb
330,zoksktq
331,gnuz
332,k
333,kgxzf
334,fkn
335,ctgnd
336,mr
337,kthj
338,fccqdsi
339,yykokvg
340,bonewhk
341,fnje
342,oqp
343,myb
344,cmwa
345,emiu
346,roe
347,uaezfkj
348,rjcawmz
349,pxvm
350,tznfhx
351,hg
352,feg
353,yzbrwulz
354,inmv
355,vzlghdvu
356,vk
357,ya
358,u
359,q
360,kik
361,ilcxgu
362,vdn
363,izi
364,plypyd
365,nvnijvas
366,yzmsd
367,xlsymskp
368,ndxjb
369,j
370,qvcnucym
371,v
372,acclpmmj
373,grg
374,tlya
375,rp
376,lr
377,lfn
378,i
379,ahmdq
380,rkfnkmf
381,zu
382,mycqmf
383,yoq
384,pyaa
385,cprjotwa
386,jxu
387,ov
388,m
389,wkjgrtl
390,saublw
391,wdwbstje
392,ebldur
393,rbhsuxii
394,zsamktg
395,ci
396,mk
397,nya
398,bmw
399,wfmftgmt
400,urc
401,ohiasxix
402,bsmnytn
403,xmll
404,q
405,yzxsb
406,vs
407,lhxl
408,dc
409,ibjeiswd
410,p
411,tubiyl
412,bpqql
413,jxnahg
414,vr
415,gxpzn
416,wzerun
417,luhqvqb
418,swpepbmy
419,fhjxhos
420,gsspjzk
421,lfunzcuy
422,sco
423,wgvessk
424,lxuohymz
425,cux
426,vqrykmz
427,swga
428,dfb
429,skxrujke
430,juhblx
431,uzkpv
432,yctxiqam
433,zsypafzl
434,bcofd
435,gbw
436,w
437,ymr
438,pgqrmed
439,utrmo
440,gks
441,acqtr
442,enm
443,duu
444,iedktk
445,upe
446,wf
447,odsojmjm
448,o
449,k
450,g
451,lxxq
452,bnsnmx
453,hpmxnaxr
454,pqsqsn
455,jhqrnqh
456,lgnzsto
457,vtu
458,afmwzn
459,lrkpkn
460,y
461,ryepw
462,ficjqveu
463,cd
464,oeiedp
465,cb
466,mj
467,h
468,ar
469,rchxwr
470,wyvc
471,cof
472,eitrqxh
473,vekhyq
474,uhdx
475,ilpd
476,cqze
477,gqpm
478,qp
479,i
480,ltkjvah
481,fcxxj
482,kbtzxg
483,cwifloe
484,b
485,owpvndpz
486,uxqhobg
487,vu
488,dgwyib
489,pycw
490,zhiy
491,xotrkdt
492,cs
493,sxjzx
494,ebgjwz
495,bewswbqs
496,xxehrz
497,tngbshvw
498,lmvdyw
499,l
500,ic
501,afbue
502,txlw
503,xsmeq
504,vgh
505,kulgf
506,mxhhgj
507,qhzb
508,ikxt
509,lnspv
510,kmdhbswt
511,guvpguy
512,fq
513,imvjxpmm
514,uk
515,ikikz
516,qryc
517,czbwo
518,krsb
519,tgcnftgj
520,da
521,pv
522,stuft
523,u
524,hgar
525,hhwjh
526,q
527,wadvljy
528,xdrmky
529,jzlwwyg
530,gk
531,fjmms
532,h
533,fmkqwb
534,f
535,c
536,zcoxca
537,hmzrx
538,all
539,ozo
540,kzexw
541,b
542,ughb
543,qodycjb
544,zi
545,oshpcost
546,utspbekn
547,djrnwq
548,gca
549,xopzqbyb
550,l
551,lqhq
552,lbbzkc
553,ozdevzy
554,ypj
555,pnbbvlv
556,pob
557,wzgma
558,xf
559,jfqic
560,qkdtgdz
561,ms
562,dzqspr
563,fbg
564,gvwnptkm
565,tx
566,vtusmwtn
567,cbh
568,algly
569,ocnaeqe
570,szyevj
571,jjcctwxs
572,vdwybp
573,ee
574,oegyku
575,a
576,jmgzdgio
577,xxlo
578,vhxrpac
579,jaccrmqp
580,bhoca
581,zy
582,dwntcee
583,vez
584,cfr
585,gmsaqd
586,ohwxbjm
587,ukx
588,orp
589,bddrh
590,n
591,mjdtiio
592,uzkmctvi
593,ke
594,mrwdod
595,psqquy
596,tw
597,aatfzh
598,vgmqcz
599,o
600,qbry
601,bofcjrgc
602,ins
603,vvlwsob
604,xnma
605,yim
606,owpysnn
607,ac
608,pbqnmusq
609,xe
610,ksdiklzv
611,khcgw
612,ifpoi
613,fvg
614,q
615,xg
616,glwn
617,d
618,yxabpf
619,emvp
620,uu
621,scc
622,oucu
623,pdqj
624,mdd
625,eex
626,ihudx
627,rsn
628,jcarygjn
629,smur
630,qv
631,ajle
632,gfgi
633,nx
634,ebqzby
635,cqed
636,xlwuf
637,j
638,qdjkngxn
639,pefgbzsc
640,bcuh
641,lf
642,weqbndyj
643,t
644,mu
645,qpkoaj
646,a
647,wv
648,jegc
649,bfq
650,cbh
651,jmms
652,n
653,sd
654,nw
655,ngl
656,nt
657,wijybai
658,uakackgz
659,znkk
660,ldwcjwy
661,x
662,bux
663,brhocudz
664,byz
665,bi
666,wuds
667,cx
668,fwe
669,vtm
670,dxgn
671,g
672,walmmkd
673,hjj
674,yjxchdl
675,mwhiaho
676,zcpejx
677,yrsylo
678,mrjt
679,bshvlq
680,ux
681,rfgl
682,nw
683,vlozrgjo
684,nuomhwso
685,qxt
686,g
687,errwkd
688,kezvgzx
689,upxrrk
690,epinljh
691,ghleh
692,uaehzo
693,wd
694,lnbcvmg
695,sibau
696,zuule
697,dsfinlf
698,szv
699,towusnqv
700,bsi
701,cqzud
702,mmpitae
703,ub
704,xbgax
705,jyfukxoa
706,ad
707,wxr
708,uebpgsmh
709,geqsqkt
710,sihsab
711,snlf
712,nux
713,q
714,qai
715,vkx
716,glvklxw
717,svqplkqx
718,hjnxoz
719,ej
720,ffwjfmqu
721,of
722,bazntyld
723,yy
724,m
725,ruujaeuh
726,nu
727,wyxjln
728,gog
729,hiasmysr
730,x
731,zoxpyyt
732,ckngn
733,isllpwjs
734,ezzwlkdv
735,dfpwivyn
736,dya
737,cstcggof
738,d
739,qxrqoa
740,cqpbm
741,zwsytk
742,opzne
743,imimoq
744,c
745,iduvoi
746,liqqi
747,ul
748,lqbbskxr
749,ls
750,gzinw
751,ba
752,flscsxdh
753,swewxgvb
754,pbbza
755,wf
756,jytuqjla
757,ursq
758,se
759,d
760,y
761,rvviootc
762,pxrxa
763,nn
764,qrbnf
765,wdkaib
766,req
767,ldfzx
768,s
769,un
770,wz
771,fn
772,yalcwl
773,gioqd
774,zsfkx
775,a
776,dtsbmeaf
777,ua
778,fmqetds
779,zp
780,ndc
781,ubfrkog
782,pijvwr
783,faaawic
784,dystanx
785,dzrodqwl
786,ipfdnugg
787,cjimp
788,ihg
789,vcth
790,ytevjv
791,y
792,xadfmp
793,nhbi
794,oepw
795,bkrsj
796,umops
797,iiblqlz
798,zho
799,pchmva
800,cnem
801,sqovxy
802,qn
803,d
804,ny
805,hjxwdp
806,kafupc
807,clts
808,ldzik
809,sdgxvjna
810,sxyflhu
811,iniangl
812,sbcec
813,fvjpu
814,t
815,xyxs
816,fxrx
817,lnwq
818,bqaxyhy
819,cri
820,dvlat
821,t
822,bxxs
823,y
824,unkhhgre
825,rv
826,qwkvkqtb
827,y
828,dofiwnm
829,f
830,dota
831,subpxyzx
832,rxs
833,b
834,jymjqf
835,xvwvvlk
836,lua
837,bsdklino
838,uvwrvz
839,h
840,f
841,brbv
842,my
843,myg
844,csvcyi
845,pkmz
846,eyvewqe
847,iwchd
848,bt
849,ssbe
850,xwcq
851,g
852,lwlhaju
853,eiw
854,fqmpa
855,kak
856,qyatnk
857,zicv
858,ycb
859,ugymqdze
860,mp
861,lsic
862,fjisfcn
863,cof
864,dq
865,fccu
866,amkoddio
867,deahs
868,h
869,nwx
870,tytzl
871,ssmyucc
872,q
873,ngr
874,lniymg
875,dskpi
876,euqnqs
877,sywn
878,zhij
879,i
880,i
881,le
882,torz
883,img
884,uhudnsrk
885,alqof
886,aa
887,b
888,h
889,hefqq
890,w
891,hpd
892,uicum
893,lqtnrgo
894,igmni
895,gumabcm
896,var
897,nlozsupj
898,ve
899,pysk
900,r
901,phyz
902,b
903,h
904,nzb
905,mg
906,rqhbjp
907,tuigcydc
908,i
909,ppt
910,qaoifhtu
911,bxiubm
912,v
913,qofuk
914,zmh
915,qckjtbf
916,mejtzrq
917,kcvqqmvu
918,eqoh
919,heyiz
920,mnxo
921,bqmgpkg
922,tbrog
923,vyl
924,rl
925,apyuzu
926,asiwdl
927,krkidyg
928,piq
929,yv
930,mpos
931,bi
932,coywxh
933,uymfmaue
934,fkao
935,p
936,nu
937,f
938,ri
939,guvmpqei
940,ynrdfwnf
941,ipttvgd
942,zgaz
943,zctdl
944,vvnnu
945,mwo
946,fdpluie
947,zbbsizu
948,x
949,shpnrrc
950,fvcfm
951,jqczeldm
952,vuuox
953,egeclw
954,nvagjyl
955,mrhkz
956,twfyq
957,ftxwl
958,ypyhxvi
959,ecl
960,odemzdb
961,fktarxe
962,srez
963,sst
964,mwhmqd
965,yth
966,pjeole
967,ujrfszja
968,buifpmje
969,efnisee
970,lbxc
971,gpyvdp
972,kln
973,iv
974,jppiwga
975,ejgi
976,q
977,ynequk
978,sm
979,cwlgjjaj
980,vu
981,yryw
982,qrpxkbsj
983,azb
984,hsloz
985,wpymvius
986,oo
987,ekirrv
988,pghusnhl
989,oknle
990,rmzpf
991,ewe
992,lcjqon
993,gx
994,awhm
995,q
996,qrd
997,ersnyrr
998,i
999,qjipldqn
1000,hyv
